{
  "bossone": {
    "category": "record",
    "sounds": [{
      "name": "boss_fight_energy_drink",
	  "stream": true
    }]
  },
  "bosstwo": {
    "category": "record",
    "sounds": [{
      "name": "boss_fight_scourge_of_the_universe",
	  "stream": true
    }]
  },
  "crystal": {
    "category": "record",
    "sounds": [{
      "name": "crystal_adventure_time",
	  "stream": true
    }]
  },
  "zero": {
    "category": "record",
    "sounds": [{
      "name": "zero_prometheus_rising",
	  "stream": true
    }]
  },
  "no": {
    "category": "record",
    "sounds": [{
      "name": "no_pandora",
	  "stream": true
    }]
  },
  "bossthree": {
    "category": "record",
    "sounds": [{
      "name": "breath_and_life",
	  "stream": true
    }]
  },
  "wanli": {
    "category": "record",
    "sounds": [{
      "name": "wan_li_fight_ultraviolence",
	  "stream": true
    }]
  },
  "huaxia": {
    "category": "record",
    "sounds": [{
      "name": "hua_xia_fight_phoenix",
	  "stream": true
    }]
  }
}
